Cliente_ID,Nombre,Edad,País,Estado
1,Cliente_1,67,México,Activo
2,Cliente_2,59,Colombia,Activo
3,Cliente_3,28,Guatemala,Activo
4,Cliente_4,19,México,Inactivo
5,Cliente_5,20,Guatemala,Inactivo
6,Cliente_6,58,Guatemala,Inactivo
7,Cliente_7,43,Colombia,Activo
8,Cliente_8,26,Colombia,Activo
9,Cliente_9,66,Colombia,Inactivo
10,Cliente_10,25,Guatemala,Inactivo
11,Cliente_11,29,Colombia,Inactivo
12,Cliente_12,25,México,Inactivo
13,Cliente_13,39,México,Activo
14,Cliente_14,60,México,Activo
15,Cliente_15,40,México,Inactivo
16,Cliente_16,60,Colombia,Activo
17,Cliente_17,28,México,Activo
18,Cliente_18,62,Colombia,Activo
19,Cliente_19,48,Colombia,Activo
20,Cliente_20,27,México,Activo
21,Cliente_21,59,Guatemala,Inactivo
22,Cliente_22,48,Colombia,Activo
23,Cliente_23,33,México,Activo
24,Cliente_24,30,México,Activo
25,Cliente_25,66,México,Inactivo
26,Cliente_26,61,Colombia,Activo
27,Cliente_27,42,Colombia,Inactivo
28,Cliente_28,35,Guatemala,Inactivo
29,Cliente_29,21,Guatemala,Activo
30,Cliente_30,64,Guatemala,Activo
31,Cliente_31,57,México,Inactivo
32,Cliente_32,41,México,Inactivo
33,Cliente_33,53,Guatemala,Activo
34,Cliente_34,39,Colombia,Inactivo
35,Cliente_35,60,Colombia,Inactivo
36,Cliente_36,59,Guatemala,Activo
37,Cliente_37,20,México,Activo
38,Cliente_38,21,Guatemala,Inactivo
39,Cliente_39,30,México,Inactivo
40,Cliente_40,26,México,Activo
41,Cliente_41,53,México,Activo
42,Cliente_42,60,Colombia,Activo
43,Cliente_43,27,Guatemala,Inactivo
44,Cliente_44,49,Colombia,Activo
45,Cliente_45,63,Guatemala,Inactivo
46,Cliente_46,33,Guatemala,Activo
47,Cliente_47,61,Colombia,Inactivo
48,Cliente_48,65,México,Activo
49,Cliente_49,49,Colombia,Inactivo
50,Cliente_50,65,México,Inactivo
51,Cliente_51,35,Colombia,Inactivo
52,Cliente_52,57,Guatemala,Inactivo
53,Cliente_53,69,Guatemala,Inactivo
54,Cliente_54,55,México,Activo
55,Cliente_55,31,Colombia,Activo
56,Cliente_56,26,Colombia,Activo
57,Cliente_57,29,México,Inactivo
58,Cliente_58,26,México,Inactivo
59,Cliente_59,66,Guatemala,Inactivo
60,Cliente_60,68,Colombia,Activo
61,Cliente_61,57,Colombia,Inactivo
62,Cliente_62,39,México,Activo
63,Cliente_63,59,Guatemala,Inactivo
64,Cliente_64,29,Colombia,Activo
65,Cliente_65,67,Colombia,Activo
66,Cliente_66,43,Guatemala,Inactivo
67,Cliente_67,65,Guatemala,Activo
68,Cliente_68,55,México,Activo
69,Cliente_69,25,México,Inactivo
70,Cliente_70,58,Colombia,Activo
71,Cliente_71,30,México,Inactivo
72,Cliente_72,67,México,Inactivo
73,Cliente_73,48,Guatemala,Inactivo
74,Cliente_74,28,Guatemala,Activo
75,Cliente_75,18,México,Activo
76,Cliente_76,38,México,Inactivo
77,Cliente_77,61,México,Activo
78,Cliente_78,24,México,Inactivo
79,Cliente_79,49,México,Inactivo
80,Cliente_80,41,Colombia,Inactivo
81,Cliente_81,54,México,Activo
82,Cliente_82,39,Guatemala,Inactivo
83,Cliente_83,24,Colombia,Inactivo
84,Cliente_84,53,México,Activo
85,Cliente_85,23,Colombia,Activo
86,Cliente_86,35,México,Inactivo
87,Cliente_87,31,Guatemala,Activo
88,Cliente_88,18,Guatemala,Activo
89,Cliente_89,66,México,Inactivo
90,Cliente_90,63,México,Inactivo
91,Cliente_91,53,México,Inactivo
92,Cliente_92,45,Colombia,Inactivo
93,Cliente_93,19,México,Activo
94,Cliente_94,69,México,Inactivo
95,Cliente_95,67,México,Inactivo
96,Cliente_96,46,México,Activo
97,Cliente_97,53,México,Inactivo
98,Cliente_98,47,México,Inactivo
99,Cliente_99,53,Guatemala,Activo
100,Cliente_100,49,México,Activo
101,Cliente_101,54,México,Activo
102,Cliente_102,55,Guatemala,Activo
103,Cliente_103,40,Colombia,Activo
104,Cliente_104,66,Colombia,Activo
105,Cliente_105,39,Colombia,Inactivo
106,Cliente_106,36,Colombia,Inactivo
107,Cliente_107,38,México,Activo
108,Cliente_108,23,Colombia,Activo
109,Cliente_109,42,Guatemala,Inactivo
110,Cliente_110,31,Guatemala,Activo
111,Cliente_111,69,Colombia,Activo
112,Cliente_112,50,México,Inactivo
113,Cliente_113,57,Guatemala,Activo
114,Cliente_114,27,México,Activo
115,Cliente_115,29,Guatemala,Inactivo
116,Cliente_116,33,México,Inactivo
117,Cliente_117,25,México,Activo
118,Cliente_118,24,Guatemala,Inactivo
119,Cliente_119,33,Guatemala,Inactivo
120,Cliente_120,68,México,Activo
121,Cliente_121,54,Colombia,Inactivo
122,Cliente_122,29,Guatemala,Activo
123,Cliente_123,27,Colombia,Activo
124,Cliente_124,42,México,Inactivo
125,Cliente_125,64,Colombia,Inactivo
126,Cliente_126,50,Colombia,Inactivo
127,Cliente_127,27,Guatemala,Activo
128,Cliente_128,34,Guatemala,Activo
129,Cliente_129,67,México,Activo
130,Cliente_130,37,Guatemala,Activo
131,Cliente_131,42,Colombia,Inactivo
132,Cliente_132,35,Colombia,Activo
133,Cliente_133,28,Guatemala,Activo
134,Cliente_134,62,Colombia,Inactivo
135,Cliente_135,40,México,Inactivo
136,Cliente_136,56,Guatemala,Activo
137,Cliente_137,63,México,Activo
138,Cliente_138,20,Colombia,Activo
139,Cliente_139,55,México,Inactivo
140,Cliente_140,68,Colombia,Activo
141,Cliente_141,32,Colombia,Activo
142,Cliente_142,23,México,Activo
143,Cliente_143,37,México,Inactivo
144,Cliente_144,29,Guatemala,Activo
145,Cliente_145,53,Guatemala,Activo
146,Cliente_146,67,Colombia,Activo
147,Cliente_147,52,México,Activo
148,Cliente_148,42,Guatemala,Activo
149,Cliente_149,41,Guatemala,Inactivo
150,Cliente_150,43,Colombia,Activo
151,Cliente_151,33,Colombia,Activo
152,Cliente_152,42,México,Activo
153,Cliente_153,26,Guatemala,Inactivo
154,Cliente_154,46,Colombia,Activo
155,Cliente_155,51,Colombia,Inactivo
156,Cliente_156,24,Guatemala,Activo
157,Cliente_157,39,Colombia,Inactivo
158,Cliente_158,18,México,Activo
159,Cliente_159,49,Colombia,Activo
160,Cliente_160,57,México,Inactivo
161,Cliente_161,69,Colombia,Activo
162,Cliente_162,64,Guatemala,Inactivo
163,Cliente_163,38,México,Activo
164,Cliente_164,57,Colombia,Activo
165,Cliente_165,58,Guatemala,Activo
166,Cliente_166,52,Colombia,Inactivo
167,Cliente_167,62,Guatemala,Inactivo
168,Cliente_168,47,Colombia,Activo
169,Cliente_169,29,Colombia,Activo
170,Cliente_170,65,Guatemala,Activo
171,Cliente_171,46,México,Inactivo
172,Cliente_172,43,México,Activo
173,Cliente_173,34,México,Activo
174,Cliente_174,39,Guatemala,Activo
175,Cliente_175,26,México,Activo
176,Cliente_176,47,Guatemala,Activo
177,Cliente_177,65,México,Activo
178,Cliente_178,32,Colombia,Activo
179,Cliente_179,37,Colombia,Activo
180,Cliente_180,21,México,Inactivo
181,Cliente_181,59,México,Activo
182,Cliente_182,66,Guatemala,Activo
183,Cliente_183,66,México,Activo
184,Cliente_184,62,Guatemala,Inactivo
185,Cliente_185,28,Colombia,Inactivo
186,Cliente_186,41,Colombia,Inactivo
187,Cliente_187,44,Colombia,Inactivo
188,Cliente_188,44,México,Activo
189,Cliente_189,47,Colombia,Activo
190,Cliente_190,64,Colombia,Activo
191,Cliente_191,57,Colombia,Inactivo
192,Cliente_192,51,Guatemala,Inactivo
193,Cliente_193,33,Colombia,Inactivo
194,Cliente_194,48,Guatemala,Activo
195,Cliente_195,28,Guatemala,Activo
196,Cliente_196,55,Colombia,Inactivo
197,Cliente_197,46,Guatemala,Activo
198,Cliente_198,36,Colombia,Inactivo
199,Cliente_199,24,Guatemala,Inactivo
200,Cliente_200,32,Colombia,Activo
201,Cliente_201,24,Guatemala,Activo
202,Cliente_202,56,Guatemala,Inactivo
203,Cliente_203,38,Colombia,Activo
204,Cliente_204,27,Colombia,Inactivo
205,Cliente_205,20,México,Inactivo
206,Cliente_206,47,México,Inactivo
207,Cliente_207,50,México,Activo
208,Cliente_208,19,México,Activo
209,Cliente_209,39,Colombia,Inactivo
210,Cliente_210,61,México,Inactivo
211,Cliente_211,27,Guatemala,Activo
212,Cliente_212,23,México,Activo
213,Cliente_213,50,Colombia,Inactivo
214,Cliente_214,67,Colombia,Activo
215,Cliente_215,49,Colombia,Inactivo
216,Cliente_216,32,Colombia,Inactivo
217,Cliente_217,69,México,Activo
218,Cliente_218,61,Colombia,Inactivo
219,Cliente_219,38,Colombia,Inactivo
220,Cliente_220,42,Guatemala,Activo
221,Cliente_221,68,Colombia,Inactivo
222,Cliente_222,20,México,Activo
223,Cliente_223,68,México,Inactivo
224,Cliente_224,41,Guatemala,Activo
225,Cliente_225,34,Guatemala,Activo
226,Cliente_226,31,Guatemala,Activo
227,Cliente_227,46,Colombia,Inactivo
228,Cliente_228,44,México,Inactivo
229,Cliente_229,63,Guatemala,Activo
230,Cliente_230,25,Guatemala,Inactivo
231,Cliente_231,30,Guatemala,Inactivo
232,Cliente_232,67,Guatemala,Inactivo
233,Cliente_233,46,Guatemala,Activo
234,Cliente_234,50,Guatemala,Inactivo
235,Cliente_235,42,México,Activo
236,Cliente_236,67,Guatemala,Activo
237,Cliente_237,57,Colombia,Activo
238,Cliente_238,53,Colombia,Inactivo
239,Cliente_239,29,México,Activo
240,Cliente_240,53,Colombia,Inactivo
241,Cliente_241,25,Guatemala,Inactivo
242,Cliente_242,25,México,Activo
243,Cliente_243,36,Colombia,Inactivo
244,Cliente_244,57,México,Activo
245,Cliente_245,68,México,Activo
246,Cliente_246,69,Colombia,Activo
247,Cliente_247,37,Guatemala,Activo
248,Cliente_248,36,Guatemala,Inactivo
249,Cliente_249,45,México,Inactivo
250,Cliente_250,18,Guatemala,Activo
251,Cliente_251,47,Guatemala,Activo
252,Cliente_252,52,Colombia,Activo
253,Cliente_253,31,Colombia,Inactivo
254,Cliente_254,63,México,Inactivo
255,Cliente_255,21,Colombia,Activo
256,Cliente_256,34,México,Activo
257,Cliente_257,39,Colombia,Activo
258,Cliente_258,36,Colombia,Inactivo
259,Cliente_259,64,Colombia,Inactivo
260,Cliente_260,49,Guatemala,Inactivo
261,Cliente_261,50,Guatemala,Inactivo
262,Cliente_262,24,México,Inactivo
263,Cliente_263,60,Guatemala,Activo
264,Cliente_264,36,Guatemala,Activo
265,Cliente_265,38,Colombia,Inactivo
266,Cliente_266,59,Guatemala,Inactivo
267,Cliente_267,65,Colombia,Inactivo
268,Cliente_268,61,Guatemala,Inactivo
269,Cliente_269,69,Guatemala,Activo
270,Cliente_270,30,México,Activo
271,Cliente_271,29,Colombia,Inactivo
272,Cliente_272,28,Colombia,Inactivo
273,Cliente_273,37,Colombia,Activo
274,Cliente_274,37,Guatemala,Inactivo
275,Cliente_275,43,Guatemala,Activo
276,Cliente_276,29,Guatemala,Inactivo
277,Cliente_277,21,Colombia,Activo
278,Cliente_278,44,Colombia,Activo
279,Cliente_279,40,México,Activo
280,Cliente_280,59,México,Activo
281,Cliente_281,18,Colombia,Activo
282,Cliente_282,28,Guatemala,Inactivo
283,Cliente_283,36,Guatemala,Inactivo
284,Cliente_284,33,Guatemala,Inactivo
285,Cliente_285,32,Guatemala,Inactivo
286,Cliente_286,44,Guatemala,Inactivo
287,Cliente_287,25,Colombia,Inactivo
288,Cliente_288,53,México,Inactivo
289,Cliente_289,33,Guatemala,Inactivo
290,Cliente_290,66,Guatemala,Inactivo
291,Cliente_291,25,México,Inactivo
292,Cliente_292,24,México,Inactivo
293,Cliente_293,43,México,Activo
294,Cliente_294,67,México,Activo
295,Cliente_295,53,México,Activo
296,Cliente_296,53,Guatemala,Inactivo
297,Cliente_297,32,Colombia,Activo
298,Cliente_298,50,Guatemala,Activo
299,Cliente_299,34,Colombia,Activo
300,Cliente_300,65,Guatemala,Activo
301,Cliente_301,59,Guatemala,Inactivo
302,Cliente_302,34,México,Activo
303,Cliente_303,45,México,Inactivo
304,Cliente_304,27,Colombia,Activo
305,Cliente_305,18,Colombia,Activo
306,Cliente_306,58,Guatemala,Activo
307,Cliente_307,52,Colombia,Inactivo
308,Cliente_308,67,México,Inactivo
309,Cliente_309,42,Guatemala,Activo
310,Cliente_310,50,Guatemala,Inactivo
311,Cliente_311,58,México,Activo
312,Cliente_312,25,México,Activo
313,Cliente_313,22,Colombia,Activo
314,Cliente_314,21,Colombia,Inactivo
315,Cliente_315,37,Colombia,Activo
316,Cliente_316,60,México,Inactivo
317,Cliente_317,60,Colombia,Activo
318,Cliente_318,45,Colombia,Activo
319,Cliente_319,30,Colombia,Activo
320,Cliente_320,47,Guatemala,Activo
321,Cliente_321,54,Guatemala,Inactivo
322,Cliente_322,33,Colombia,Activo
323,Cliente_323,20,Colombia,Inactivo
324,Cliente_324,28,México,Activo
325,Cliente_325,45,Guatemala,Activo
326,Cliente_326,29,México,Inactivo
327,Cliente_327,53,Guatemala,Activo
328,Cliente_328,36,Guatemala,Activo
329,Cliente_329,24,México,Inactivo
330,Cliente_330,25,Colombia,Activo
331,Cliente_331,54,México,Inactivo
332,Cliente_332,64,Guatemala,Inactivo
333,Cliente_333,41,Colombia,Inactivo
334,Cliente_334,42,Guatemala,Activo
335,Cliente_335,63,Guatemala,Inactivo
336,Cliente_336,24,México,Inactivo
337,Cliente_337,20,Colombia,Inactivo
338,Cliente_338,40,México,Activo
339,Cliente_339,28,México,Activo
340,Cliente_340,68,México,Activo
341,Cliente_341,48,México,Activo
342,Cliente_342,56,México,Activo
343,Cliente_343,54,México,Activo
344,Cliente_344,48,Guatemala,Inactivo
345,Cliente_345,32,México,Activo
346,Cliente_346,40,Colombia,Inactivo
347,Cliente_347,49,Guatemala,Inactivo
348,Cliente_348,18,Colombia,Activo
349,Cliente_349,23,Colombia,Activo
350,Cliente_350,40,México,Activo
351,Cliente_351,58,Colombia,Activo
352,Cliente_352,62,Colombia,Inactivo
353,Cliente_353,40,Guatemala,Inactivo
354,Cliente_354,65,México,Activo
355,Cliente_355,32,Guatemala,Inactivo
356,Cliente_356,30,Guatemala,Activo
357,Cliente_357,46,Guatemala,Inactivo
358,Cliente_358,29,Guatemala,Inactivo
359,Cliente_359,44,México,Activo
360,Cliente_360,54,Colombia,Activo
361,Cliente_361,41,México,Inactivo
362,Cliente_362,48,Guatemala,Activo
363,Cliente_363,39,Colombia,Inactivo
364,Cliente_364,47,Guatemala,Activo
365,Cliente_365,21,México,Activo
366,Cliente_366,18,Guatemala,Activo
367,Cliente_367,57,Colombia,Activo
368,Cliente_368,51,Colombia,Inactivo
369,Cliente_369,35,Guatemala,Activo
370,Cliente_370,56,México,Inactivo
371,Cliente_371,39,Colombia,Inactivo
372,Cliente_372,27,Colombia,Inactivo
373,Cliente_373,65,Guatemala,Activo
374,Cliente_374,46,México,Inactivo
375,Cliente_375,19,Guatemala,Inactivo
376,Cliente_376,43,Colombia,Inactivo
377,Cliente_377,58,México,Activo
378,Cliente_378,30,Guatemala,Activo
379,Cliente_379,39,Colombia,Activo
380,Cliente_380,66,México,Activo
381,Cliente_381,21,México,Inactivo
382,Cliente_382,53,Guatemala,Inactivo
383,Cliente_383,19,Guatemala,Activo
384,Cliente_384,33,México,Inactivo
385,Cliente_385,42,Colombia,Activo
386,Cliente_386,54,Guatemala,Activo
387,Cliente_387,58,México,Inactivo
388,Cliente_388,27,Guatemala,Inactivo
389,Cliente_389,55,Colombia,Activo
390,Cliente_390,48,Colombia,Inactivo
391,Cliente_391,66,Guatemala,Inactivo
392,Cliente_392,34,México,Inactivo
393,Cliente_393,46,Colombia,Activo
394,Cliente_394,52,Guatemala,Activo
395,Cliente_395,54,México,Activo
396,Cliente_396,49,México,Activo
397,Cliente_397,54,Guatemala,Inactivo
398,Cliente_398,52,Colombia,Inactivo
399,Cliente_399,39,Colombia,Activo
400,Cliente_400,60,Guatemala,Activo
401,Cliente_401,20,Colombia,Activo
402,Cliente_402,41,México,Inactivo
403,Cliente_403,27,Colombia,Inactivo
404,Cliente_404,56,México,Inactivo
405,Cliente_405,67,México,Activo
406,Cliente_406,38,Colombia,Inactivo
407,Cliente_407,32,México,Activo
408,Cliente_408,41,Guatemala,Inactivo
409,Cliente_409,29,México,Activo
410,Cliente_410,46,Colombia,Inactivo
411,Cliente_411,41,Guatemala,Inactivo
412,Cliente_412,21,Colombia,Inactivo
413,Cliente_413,32,Colombia,Activo
414,Cliente_414,31,Guatemala,Activo
415,Cliente_415,37,Guatemala,Activo
416,Cliente_416,39,Colombia,Activo
417,Cliente_417,69,Guatemala,Activo
418,Cliente_418,35,Colombia,Activo
419,Cliente_419,28,Colombia,Inactivo
420,Cliente_420,62,México,Activo
421,Cliente_421,53,Guatemala,Activo
422,Cliente_422,49,México,Activo
423,Cliente_423,21,México,Inactivo
424,Cliente_424,59,Guatemala,Inactivo
425,Cliente_425,37,Colombia,Activo
426,Cliente_426,47,Colombia,Inactivo
427,Cliente_427,25,México,Inactivo
428,Cliente_428,25,México,Activo
429,Cliente_429,56,Guatemala,Activo
430,Cliente_430,41,Colombia,Inactivo
431,Cliente_431,43,Guatemala,Activo
432,Cliente_432,41,Colombia,Activo
433,Cliente_433,59,Guatemala,Inactivo
434,Cliente_434,28,Guatemala,Activo
435,Cliente_435,47,Guatemala,Inactivo
436,Cliente_436,50,Colombia,Activo
437,Cliente_437,48,México,Activo
438,Cliente_438,39,Guatemala,Inactivo
439,Cliente_439,54,Colombia,Inactivo
440,Cliente_440,34,Guatemala,Activo
441,Cliente_441,69,Guatemala,Activo
442,Cliente_442,65,Guatemala,Inactivo
443,Cliente_443,49,México,Activo
444,Cliente_444,62,México,Activo
445,Cliente_445,48,México,Inactivo
446,Cliente_446,19,Guatemala,Inactivo
447,Cliente_447,66,México,Activo
448,Cliente_448,59,Colombia,Activo
449,Cliente_449,22,México,Activo
450,Cliente_450,34,Guatemala,Inactivo
451,Cliente_451,69,Guatemala,Inactivo
452,Cliente_452,59,Colombia,Inactivo
453,Cliente_453,28,México,Inactivo
454,Cliente_454,52,México,Inactivo
455,Cliente_455,22,Colombia,Activo
456,Cliente_456,66,México,Inactivo
457,Cliente_457,31,Colombia,Inactivo
458,Cliente_458,49,Guatemala,Activo
459,Cliente_459,50,Guatemala,Activo
460,Cliente_460,39,México,Activo
461,Cliente_461,55,México,Inactivo
462,Cliente_462,35,México,Inactivo
463,Cliente_463,55,México,Activo
464,Cliente_464,27,Colombia,Activo
465,Cliente_465,31,Colombia,Activo
466,Cliente_466,63,Guatemala,Inactivo
467,Cliente_467,52,Colombia,Inactivo
468,Cliente_468,21,Colombia,Inactivo
469,Cliente_469,47,México,Inactivo
470,Cliente_470,27,Guatemala,Activo
471,Cliente_471,57,México,Activo
472,Cliente_472,31,Guatemala,Inactivo
473,Cliente_473,31,Colombia,Activo
474,Cliente_474,19,México,Activo
475,Cliente_475,23,México,Inactivo
476,Cliente_476,68,Guatemala,Inactivo
477,Cliente_477,30,Colombia,Inactivo
478,Cliente_478,65,Guatemala,Activo
479,Cliente_479,47,Colombia,Activo
480,Cliente_480,52,Guatemala,Inactivo
481,Cliente_481,56,México,Activo
482,Cliente_482,59,México,Inactivo
483,Cliente_483,31,Guatemala,Inactivo
484,Cliente_484,27,Colombia,Activo
485,Cliente_485,32,Colombia,Inactivo
486,Cliente_486,69,Colombia,Activo
487,Cliente_487,18,Guatemala,Activo
488,Cliente_488,48,México,Activo
489,Cliente_489,62,Colombia,Inactivo
490,Cliente_490,65,Colombia,Inactivo
491,Cliente_491,52,Guatemala,Activo
492,Cliente_492,45,Colombia,Activo
493,Cliente_493,69,Guatemala,Inactivo
494,Cliente_494,36,Colombia,Inactivo
495,Cliente_495,49,Colombia,Inactivo
496,Cliente_496,37,Guatemala,Activo
497,Cliente_497,19,Guatemala,Inactivo
498,Cliente_498,22,Guatemala,Inactivo
499,Cliente_499,67,Colombia,Inactivo
500,Cliente_500,24,Guatemala,Inactivo
501,Cliente_501,44,Guatemala,Inactivo
502,Cliente_502,51,Colombia,Inactivo
503,Cliente_503,40,Colombia,Inactivo
504,Cliente_504,63,Guatemala,Activo
505,Cliente_505,44,Guatemala,Inactivo
506,Cliente_506,56,Colombia,Activo
507,Cliente_507,46,México,Inactivo
508,Cliente_508,59,México,Activo
509,Cliente_509,59,Guatemala,Activo
510,Cliente_510,21,Colombia,Inactivo
511,Cliente_511,21,Colombia,Activo
512,Cliente_512,58,Colombia,Activo
513,Cliente_513,60,Colombia,Activo
514,Cliente_514,18,Guatemala,Activo
515,Cliente_515,37,Guatemala,Activo
516,Cliente_516,53,México,Activo
517,Cliente_517,60,Guatemala,Inactivo
518,Cliente_518,68,México,Inactivo
519,Cliente_519,22,Colombia,Inactivo
520,Cliente_520,26,México,Activo
521,Cliente_521,30,Colombia,Inactivo
522,Cliente_522,22,Guatemala,Activo
523,Cliente_523,19,México,Activo
524,Cliente_524,40,México,Inactivo
525,Cliente_525,46,Guatemala,Inactivo
526,Cliente_526,32,Colombia,Activo
527,Cliente_527,30,México,Activo
528,Cliente_528,56,México,Activo
529,Cliente_529,26,Guatemala,Inactivo
530,Cliente_530,48,Guatemala,Activo
531,Cliente_531,68,México,Inactivo
532,Cliente_532,23,Guatemala,Activo
533,Cliente_533,49,Guatemala,Activo
534,Cliente_534,21,Colombia,Inactivo
535,Cliente_535,48,Guatemala,Inactivo
536,Cliente_536,46,México,Activo
537,Cliente_537,45,Colombia,Inactivo
538,Cliente_538,33,Colombia,Activo
539,Cliente_539,26,México,Inactivo
540,Cliente_540,56,México,Inactivo
541,Cliente_541,50,Guatemala,Activo
542,Cliente_542,50,Guatemala,Inactivo
543,Cliente_543,18,México,Activo
544,Cliente_544,26,Guatemala,Activo
545,Cliente_545,19,Guatemala,Activo
546,Cliente_546,20,México,Inactivo
547,Cliente_547,18,Guatemala,Activo
548,Cliente_548,46,México,Inactivo
549,Cliente_549,18,Guatemala,Inactivo
550,Cliente_550,61,Guatemala,Activo
551,Cliente_551,42,México,Inactivo
552,Cliente_552,37,México,Activo
553,Cliente_553,23,Guatemala,Inactivo
554,Cliente_554,23,Guatemala,Inactivo
555,Cliente_555,53,Colombia,Activo
556,Cliente_556,63,Guatemala,Inactivo
557,Cliente_557,54,México,Activo
558,Cliente_558,28,Colombia,Inactivo
559,Cliente_559,19,Colombia,Activo
560,Cliente_560,54,México,Activo
561,Cliente_561,63,Guatemala,Inactivo
562,Cliente_562,39,Colombia,Inactivo
563,Cliente_563,43,Guatemala,Activo
564,Cliente_564,41,Colombia,Inactivo
565,Cliente_565,44,Colombia,Activo
566,Cliente_566,33,México,Activo
567,Cliente_567,41,México,Activo
568,Cliente_568,36,Colombia,Activo
569,Cliente_569,65,Guatemala,Inactivo
570,Cliente_570,36,México,Activo
571,Cliente_571,63,México,Activo
572,Cliente_572,63,México,Activo
573,Cliente_573,54,México,Inactivo
574,Cliente_574,28,Guatemala,Activo
575,Cliente_575,34,Guatemala,Activo
576,Cliente_576,25,Guatemala,Inactivo
577,Cliente_577,26,México,Activo
578,Cliente_578,67,Guatemala,Inactivo
579,Cliente_579,54,Guatemala,Activo
580,Cliente_580,54,México,Inactivo
581,Cliente_581,23,Guatemala,Activo
582,Cliente_582,63,México,Activo
583,Cliente_583,46,Colombia,Activo
584,Cliente_584,67,Guatemala,Activo
585,Cliente_585,31,Guatemala,Inactivo
586,Cliente_586,57,México,Activo
587,Cliente_587,29,Guatemala,Inactivo
588,Cliente_588,67,Guatemala,Inactivo
589,Cliente_589,34,México,Inactivo
590,Cliente_590,49,Colombia,Activo
591,Cliente_591,65,Colombia,Activo
592,Cliente_592,21,Guatemala,Activo
593,Cliente_593,25,México,Inactivo
594,Cliente_594,38,México,Inactivo
595,Cliente_595,30,México,Inactivo
596,Cliente_596,67,México,Activo
597,Cliente_597,25,Colombia,Activo
598,Cliente_598,68,Colombia,Activo
599,Cliente_599,45,México,Inactivo
600,Cliente_600,64,Colombia,Activo
601,Cliente_601,57,México,Inactivo
602,Cliente_602,18,Colombia,Activo
603,Cliente_603,38,México,Inactivo
604,Cliente_604,26,Guatemala,Activo
605,Cliente_605,63,Colombia,Inactivo
606,Cliente_606,31,Colombia,Inactivo
607,Cliente_607,51,Colombia,Inactivo
608,Cliente_608,65,Colombia,Inactivo
609,Cliente_609,53,Colombia,Inactivo
610,Cliente_610,42,Guatemala,Inactivo
611,Cliente_611,36,Colombia,Activo
612,Cliente_612,31,México,Activo
613,Cliente_613,60,México,Activo
614,Cliente_614,26,Colombia,Activo
615,Cliente_615,44,México,Activo
616,Cliente_616,19,Guatemala,Inactivo
617,Cliente_617,25,Colombia,Inactivo
618,Cliente_618,50,Colombia,Inactivo
619,Cliente_619,36,México,Activo
620,Cliente_620,33,Colombia,Inactivo
621,Cliente_621,54,México,Inactivo
622,Cliente_622,57,Colombia,Activo
623,Cliente_623,61,México,Activo
624,Cliente_624,24,Colombia,Inactivo
625,Cliente_625,29,Guatemala,Inactivo
626,Cliente_626,27,Colombia,Activo
627,Cliente_627,21,Colombia,Activo
628,Cliente_628,29,México,Inactivo
629,Cliente_629,30,México,Inactivo
630,Cliente_630,50,México,Inactivo
631,Cliente_631,42,Guatemala,Activo
632,Cliente_632,68,Colombia,Activo
633,Cliente_633,58,Guatemala,Inactivo
634,Cliente_634,19,México,Inactivo
635,Cliente_635,53,Colombia,Activo
636,Cliente_636,22,Guatemala,Inactivo
637,Cliente_637,54,México,Activo
638,Cliente_638,68,Colombia,Inactivo
639,Cliente_639,27,Guatemala,Activo
640,Cliente_640,51,Guatemala,Activo
641,Cliente_641,36,México,Activo
642,Cliente_642,28,Guatemala,Activo
643,Cliente_643,42,Colombia,Inactivo
644,Cliente_644,68,Guatemala,Activo
645,Cliente_645,64,Guatemala,Inactivo
646,Cliente_646,26,Guatemala,Activo
647,Cliente_647,68,Colombia,Activo
648,Cliente_648,55,Colombia,Inactivo
649,Cliente_649,25,Colombia,Activo
650,Cliente_650,64,México,Inactivo
651,Cliente_651,42,Colombia,Activo
652,Cliente_652,18,México,Inactivo
653,Cliente_653,21,Colombia,Activo
654,Cliente_654,35,Guatemala,Inactivo
655,Cliente_655,59,Colombia,Inactivo
656,Cliente_656,29,Guatemala,Activo
657,Cliente_657,52,Guatemala,Activo
658,Cliente_658,63,México,Inactivo
659,Cliente_659,61,Colombia,Inactivo
660,Cliente_660,55,Colombia,Activo
661,Cliente_661,55,México,Inactivo
662,Cliente_662,69,Colombia,Activo
663,Cliente_663,61,México,Inactivo
664,Cliente_664,68,Colombia,Activo
665,Cliente_665,52,Colombia,Activo
666,Cliente_666,31,Guatemala,Activo
667,Cliente_667,48,Colombia,Inactivo
668,Cliente_668,18,Colombia,Inactivo
669,Cliente_669,64,Guatemala,Activo
670,Cliente_670,67,Guatemala,Activo
671,Cliente_671,60,Colombia,Inactivo
672,Cliente_672,41,Colombia,Activo
673,Cliente_673,42,México,Activo
674,Cliente_674,57,Colombia,Inactivo
675,Cliente_675,66,Colombia,Inactivo
676,Cliente_676,31,Guatemala,Activo
677,Cliente_677,37,México,Inactivo
678,Cliente_678,19,México,Inactivo
679,Cliente_679,34,México,Inactivo
680,Cliente_680,45,Colombia,Inactivo
681,Cliente_681,22,Colombia,Activo
682,Cliente_682,32,Colombia,Activo
683,Cliente_683,46,Colombia,Inactivo
684,Cliente_684,54,México,Activo
685,Cliente_685,47,México,Inactivo
686,Cliente_686,64,Colombia,Inactivo
687,Cliente_687,39,Guatemala,Inactivo
688,Cliente_688,29,México,Inactivo
689,Cliente_689,67,México,Activo
690,Cliente_690,34,México,Inactivo
691,Cliente_691,32,Guatemala,Inactivo
692,Cliente_692,62,México,Activo
693,Cliente_693,31,Colombia,Activo
694,Cliente_694,56,México,Activo
695,Cliente_695,52,México,Activo
696,Cliente_696,35,México,Inactivo
697,Cliente_697,25,México,Inactivo
698,Cliente_698,41,México,Activo
699,Cliente_699,19,México,Activo
700,Cliente_700,36,Colombia,Inactivo
701,Cliente_701,36,México,Inactivo
702,Cliente_702,55,Guatemala,Activo
703,Cliente_703,65,México,Inactivo
704,Cliente_704,21,Colombia,Activo
705,Cliente_705,24,Colombia,Inactivo
706,Cliente_706,66,México,Inactivo
707,Cliente_707,32,Guatemala,Activo
708,Cliente_708,68,Guatemala,Inactivo
709,Cliente_709,47,México,Inactivo
710,Cliente_710,56,Guatemala,Activo
711,Cliente_711,21,México,Activo
712,Cliente_712,63,Guatemala,Inactivo
713,Cliente_713,34,México,Inactivo
714,Cliente_714,69,México,Inactivo
715,Cliente_715,60,Colombia,Inactivo
716,Cliente_716,33,Guatemala,Inactivo
717,Cliente_717,64,México,Activo
718,Cliente_718,53,México,Inactivo
719,Cliente_719,25,Colombia,Inactivo
720,Cliente_720,64,Guatemala,Activo
721,Cliente_721,49,Guatemala,Activo
722,Cliente_722,22,Guatemala,Inactivo
723,Cliente_723,22,Guatemala,Activo
724,Cliente_724,56,México,Activo
725,Cliente_725,44,México,Activo
726,Cliente_726,50,México,Activo
727,Cliente_727,22,Colombia,Inactivo
728,Cliente_728,57,México,Inactivo
729,Cliente_729,38,México,Activo
730,Cliente_730,52,Guatemala,Activo
731,Cliente_731,21,Colombia,Activo
732,Cliente_732,45,México,Activo
733,Cliente_733,63,Guatemala,Inactivo
734,Cliente_734,46,México,Inactivo
735,Cliente_735,66,México,Inactivo
736,Cliente_736,22,Guatemala,Activo
737,Cliente_737,31,Colombia,Activo
738,Cliente_738,21,Colombia,Inactivo
739,Cliente_739,42,Guatemala,Activo
740,Cliente_740,38,Colombia,Activo
741,Cliente_741,19,Guatemala,Activo
742,Cliente_742,51,Guatemala,Activo
743,Cliente_743,53,Colombia,Inactivo
744,Cliente_744,24,Colombia,Inactivo
745,Cliente_745,26,México,Activo
746,Cliente_746,38,Guatemala,Activo
747,Cliente_747,58,México,Activo
748,Cliente_748,31,México,Activo
749,Cliente_749,67,México,Activo
750,Cliente_750,51,México,Inactivo
751,Cliente_751,29,México,Inactivo
752,Cliente_752,27,Guatemala,Inactivo
753,Cliente_753,28,Colombia,Activo
754,Cliente_754,57,México,Inactivo
755,Cliente_755,61,Colombia,Activo
756,Cliente_756,37,Colombia,Activo
757,Cliente_757,68,Guatemala,Activo
758,Cliente_758,50,Guatemala,Activo
759,Cliente_759,25,México,Inactivo
760,Cliente_760,23,Colombia,Inactivo
761,Cliente_761,18,México,Activo
762,Cliente_762,58,México,Activo
763,Cliente_763,42,Guatemala,Inactivo
764,Cliente_764,61,Guatemala,Activo
765,Cliente_765,60,Guatemala,Activo
766,Cliente_766,24,Guatemala,Activo
767,Cliente_767,54,Colombia,Inactivo
768,Cliente_768,35,Colombia,Activo
769,Cliente_769,61,Colombia,Activo
770,Cliente_770,55,México,Inactivo
771,Cliente_771,59,Colombia,Inactivo
772,Cliente_772,30,Colombia,Inactivo
773,Cliente_773,55,México,Activo
774,Cliente_774,19,México,Inactivo
775,Cliente_775,65,Guatemala,Inactivo
776,Cliente_776,55,Guatemala,Activo
777,Cliente_777,31,Guatemala,Activo
778,Cliente_778,35,Guatemala,Inactivo
779,Cliente_779,24,Colombia,Inactivo
780,Cliente_780,58,México,Inactivo
781,Cliente_781,37,Colombia,Activo
782,Cliente_782,64,Colombia,Inactivo
783,Cliente_783,47,Guatemala,Activo
784,Cliente_784,68,Colombia,Inactivo
785,Cliente_785,42,Colombia,Activo
786,Cliente_786,68,Guatemala,Inactivo
787,Cliente_787,37,Colombia,Inactivo
788,Cliente_788,45,México,Inactivo
789,Cliente_789,24,Colombia,Inactivo
790,Cliente_790,43,Colombia,Activo
791,Cliente_791,55,Colombia,Inactivo
792,Cliente_792,59,México,Inactivo
793,Cliente_793,21,México,Inactivo
794,Cliente_794,34,México,Inactivo
795,Cliente_795,59,México,Inactivo
796,Cliente_796,65,Guatemala,Inactivo
797,Cliente_797,56,Guatemala,Activo
798,Cliente_798,38,Colombia,Activo
799,Cliente_799,30,Guatemala,Inactivo
800,Cliente_800,43,Colombia,Activo
801,Cliente_801,43,Guatemala,Activo
802,Cliente_802,30,México,Activo
803,Cliente_803,32,Colombia,Activo
804,Cliente_804,54,México,Activo
805,Cliente_805,56,México,Inactivo
806,Cliente_806,37,Colombia,Inactivo
807,Cliente_807,26,Colombia,Activo
808,Cliente_808,21,Guatemala,Activo
809,Cliente_809,66,Colombia,Inactivo
810,Cliente_810,39,Guatemala,Activo
811,Cliente_811,52,Guatemala,Inactivo
812,Cliente_812,31,Guatemala,Inactivo
813,Cliente_813,56,Guatemala,Activo
814,Cliente_814,43,México,Inactivo
815,Cliente_815,53,Colombia,Activo
816,Cliente_816,19,Guatemala,Inactivo
817,Cliente_817,39,México,Inactivo
818,Cliente_818,53,Colombia,Activo
819,Cliente_819,45,Guatemala,Activo
820,Cliente_820,40,México,Activo
821,Cliente_821,41,Guatemala,Inactivo
822,Cliente_822,35,Guatemala,Activo
823,Cliente_823,63,México,Activo
824,Cliente_824,23,Colombia,Activo
825,Cliente_825,50,México,Inactivo
826,Cliente_826,18,Guatemala,Activo
827,Cliente_827,43,México,Inactivo
828,Cliente_828,19,Guatemala,Activo
829,Cliente_829,44,Guatemala,Inactivo
830,Cliente_830,22,México,Activo
831,Cliente_831,35,Guatemala,Inactivo
832,Cliente_832,45,Guatemala,Inactivo
833,Cliente_833,21,Guatemala,Activo
834,Cliente_834,61,México,Inactivo
835,Cliente_835,52,Guatemala,Activo
836,Cliente_836,54,México,Activo
837,Cliente_837,67,Guatemala,Activo
838,Cliente_838,37,Guatemala,Inactivo
839,Cliente_839,62,México,Inactivo
840,Cliente_840,55,Guatemala,Inactivo
841,Cliente_841,65,Colombia,Inactivo
842,Cliente_842,60,México,Activo
843,Cliente_843,51,Guatemala,Inactivo
844,Cliente_844,20,México,Inactivo
845,Cliente_845,19,Guatemala,Activo
846,Cliente_846,51,Guatemala,Activo
847,Cliente_847,58,México,Inactivo
848,Cliente_848,33,Colombia,Inactivo
849,Cliente_849,59,Colombia,Inactivo
850,Cliente_850,62,Guatemala,Activo
851,Cliente_851,51,Guatemala,Inactivo
852,Cliente_852,49,Guatemala,Inactivo
853,Cliente_853,33,Colombia,Activo
854,Cliente_854,54,México,Inactivo
855,Cliente_855,36,Colombia,Activo
856,Cliente_856,45,Colombia,Inactivo
857,Cliente_857,33,Guatemala,Activo
858,Cliente_858,32,Guatemala,Inactivo
859,Cliente_859,41,México,Inactivo
860,Cliente_860,54,México,Inactivo
861,Cliente_861,51,México,Inactivo
862,Cliente_862,22,Colombia,Inactivo
863,Cliente_863,46,Colombia,Activo
864,Cliente_864,52,México,Activo
865,Cliente_865,65,México,Activo
866,Cliente_866,64,México,Inactivo
867,Cliente_867,33,México,Inactivo
868,Cliente_868,55,Colombia,Inactivo
869,Cliente_869,64,Guatemala,Activo
870,Cliente_870,28,Colombia,Activo
871,Cliente_871,46,Guatemala,Activo
872,Cliente_872,45,México,Inactivo
873,Cliente_873,65,Colombia,Inactivo
874,Cliente_874,28,Guatemala,Activo
875,Cliente_875,20,México,Inactivo
876,Cliente_876,52,Guatemala,Activo
877,Cliente_877,54,México,Inactivo
878,Cliente_878,61,México,Activo
879,Cliente_879,34,Colombia,Inactivo
880,Cliente_880,67,Guatemala,Inactivo
881,Cliente_881,32,Colombia,Activo
882,Cliente_882,41,Guatemala,Inactivo
883,Cliente_883,30,Colombia,Inactivo
884,Cliente_884,49,Colombia,Activo
885,Cliente_885,27,Guatemala,Inactivo
886,Cliente_886,50,Colombia,Inactivo
887,Cliente_887,54,Guatemala,Inactivo
888,Cliente_888,22,Guatemala,Activo
889,Cliente_889,49,Guatemala,Inactivo
890,Cliente_890,18,México,Activo
891,Cliente_891,63,Guatemala,Activo
892,Cliente_892,41,México,Activo
893,Cliente_893,55,México,Inactivo
894,Cliente_894,51,México,Activo
895,Cliente_895,52,México,Inactivo
896,Cliente_896,50,Guatemala,Inactivo
897,Cliente_897,40,Colombia,Activo
898,Cliente_898,58,México,Activo
899,Cliente_899,46,Guatemala,Inactivo
900,Cliente_900,39,México,Inactivo
901,Cliente_901,47,México,Inactivo
902,Cliente_902,62,Colombia,Inactivo
903,Cliente_903,69,Colombia,Activo
904,Cliente_904,62,México,Inactivo
905,Cliente_905,48,México,Inactivo
906,Cliente_906,19,Guatemala,Inactivo
907,Cliente_907,65,Colombia,Activo
908,Cliente_908,40,Colombia,Activo
909,Cliente_909,39,México,Activo
910,Cliente_910,50,Guatemala,Inactivo
911,Cliente_911,69,Colombia,Inactivo
912,Cliente_912,32,Colombia,Inactivo
913,Cliente_913,62,Guatemala,Activo
914,Cliente_914,28,Guatemala,Inactivo
915,Cliente_915,26,México,Inactivo
916,Cliente_916,36,Colombia,Activo
917,Cliente_917,37,Guatemala,Activo
918,Cliente_918,24,Guatemala,Inactivo
919,Cliente_919,34,Colombia,Activo
920,Cliente_920,49,México,Activo
921,Cliente_921,34,Colombia,Activo
922,Cliente_922,59,Guatemala,Activo
923,Cliente_923,58,Guatemala,Inactivo
924,Cliente_924,69,Colombia,Inactivo
925,Cliente_925,20,Guatemala,Activo
926,Cliente_926,31,Colombia,Activo
927,Cliente_927,68,Colombia,Activo
928,Cliente_928,35,Guatemala,Inactivo
929,Cliente_929,69,México,Activo
930,Cliente_930,45,Colombia,Activo
931,Cliente_931,60,Guatemala,Activo
932,Cliente_932,57,Guatemala,Activo
933,Cliente_933,34,Guatemala,Inactivo
934,Cliente_934,51,Guatemala,Activo
935,Cliente_935,56,Guatemala,Activo
936,Cliente_936,56,México,Activo
937,Cliente_937,42,Guatemala,Inactivo
938,Cliente_938,46,Colombia,Activo
939,Cliente_939,27,Guatemala,Inactivo
940,Cliente_940,60,México,Inactivo
941,Cliente_941,65,México,Inactivo
942,Cliente_942,63,México,Activo
943,Cliente_943,48,Guatemala,Activo
944,Cliente_944,41,Guatemala,Inactivo
945,Cliente_945,45,Colombia,Inactivo
946,Cliente_946,30,Colombia,Inactivo
947,Cliente_947,57,Guatemala,Inactivo
948,Cliente_948,69,México,Inactivo
949,Cliente_949,42,Guatemala,Inactivo
950,Cliente_950,66,México,Activo
951,Cliente_951,25,Colombia,Activo
952,Cliente_952,33,Colombia,Inactivo
953,Cliente_953,65,Colombia,Activo
954,Cliente_954,20,Guatemala,Inactivo
955,Cliente_955,36,Guatemala,Inactivo
956,Cliente_956,58,Guatemala,Inactivo
957,Cliente_957,48,Guatemala,Activo
958,Cliente_958,28,México,Inactivo
959,Cliente_959,56,México,Inactivo
960,Cliente_960,22,Guatemala,Activo
961,Cliente_961,44,Colombia,Activo
962,Cliente_962,28,Colombia,Inactivo
963,Cliente_963,32,Colombia,Activo
964,Cliente_964,31,Colombia,Activo
965,Cliente_965,53,Colombia,Inactivo
966,Cliente_966,27,Guatemala,Inactivo
967,Cliente_967,40,México,Activo
968,Cliente_968,26,México,Activo
969,Cliente_969,38,México,Activo
970,Cliente_970,67,Colombia,Activo
971,Cliente_971,37,Guatemala,Inactivo
972,Cliente_972,69,Colombia,Activo
973,Cliente_973,50,Guatemala,Inactivo
974,Cliente_974,27,Colombia,Activo
975,Cliente_975,31,Colombia,Activo
976,Cliente_976,61,Colombia,Activo
977,Cliente_977,21,Guatemala,Inactivo
978,Cliente_978,67,Guatemala,Inactivo
979,Cliente_979,31,Colombia,Activo
980,Cliente_980,66,Colombia,Inactivo
981,Cliente_981,45,Guatemala,Activo
982,Cliente_982,46,Colombia,Inactivo
983,Cliente_983,50,Guatemala,Activo
984,Cliente_984,25,Guatemala,Inactivo
985,Cliente_985,46,Colombia,Inactivo
986,Cliente_986,67,México,Inactivo
987,Cliente_987,29,México,Activo
988,Cliente_988,34,México,Inactivo
989,Cliente_989,21,Guatemala,Inactivo
990,Cliente_990,68,Guatemala,Inactivo
991,Cliente_991,51,Colombia,Inactivo
992,Cliente_992,34,Guatemala,Inactivo
993,Cliente_993,34,Guatemala,Inactivo
994,Cliente_994,36,Colombia,Activo
995,Cliente_995,44,Colombia,Activo
996,Cliente_996,38,México,Activo
997,Cliente_997,45,Colombia,Inactivo
998,Cliente_998,31,México,Inactivo
999,Cliente_999,23,Guatemala,Activo
1000,Cliente_1000,54,México,Inactivo
